,Outbreak,Location,Continent,Lat,Long,Date,Year,Cases,Fatalities,Impact Scale,Chicken Pox,Diphtheria,H1N1 Flu,Hepatitis A,Measles,Meningitis,Mumps,Rotavirus,Tetanus,Typhoid,Whooping Cough,Announcement,Cluster,Epidemic,Isolated,Secondary
0,Mumps,Canada (Quebec),North America,51.9399642,-73.549136,6/2009,2009,15,0,Cluster,0,0,0,0,0,0,1,0,0,0,0,0,1,0,0,0
1,Measles,Canada (Alberta),North America,53.933271,-116.576504,5/2010,2010,4,0,Secondary,0,0,0,0,1,0,0,0,0,0,0,0,0,0,0,1
2,Measles,Canada (British Columbia),North America,53.726668,-127.647621,3/2010,2010,78,0,Secondary,0,0,0,0,1,0,0,0,0,0,0,0,0,0,0,1
3,Measles,Canada (Ottawa),North America,47.411572,-75.698194,12/2010,2010,1,0,Isolated,0,0,0,0,1,0,0,0,0,0,0,0,0,0,1,0
4,Measles,Canada (Alberta),North America,55.93327,-117.5765,08/2011,2011,1,0,Isolated,0,0,0,0,1,0,0,0,0,0,0,0,0,0,1,0
5,Measles,Canada (Edmonton),North America,53.54356,-113.49045,10/2011,2011,1,0,Isolated,0,0,0,0,1,0,0,0,0,0,0,0,0,0,1,0
6,Mumps,Canada (Ontario),North America,51.253775,-85.323214,7/2011-8/2011,2011,11,0,Secondary,0,0,0,0,0,0,1,0,0,0,0,0,0,0,0,1
7,Measles,Canada (Ottawa),North America,46.411572,-75.698194,1/2011,2011,6,0,Secondary,0,0,0,0,1,0,0,0,0,0,0,0,0,0,0,1
8,Measles,Canada (Quebec),North America,52.939916,-73.549136,4/2011,2011,36,0,Cluster,0,0,0,0,1,0,0,0,0,0,0,0,1,0,0,0
9,Measles,Canada (Quebec),North America,53.939916,-73.549136,5/2011,2011,2,0,Secondary,0,0,0,0,1,0,0,0,0,0,0,0,0,0,0,1
10,Measles,Canada (Quebec),North America,52.93992,-73.54914,1/2011-12/2011,2011,776,0,Epidemic,0,0,0,0,1,0,0,0,0,0,0,0,0,1,0,0
11,Measles,Canada (Saskatchewan),North America,52.939916,-106.450864,1/2011-12/2011,2011,6,0,Cluster,0,0,0,0,1,0,0,0,0,0,0,0,1,0,0,0
12,Mumps,Canada (Vancouver),North America,49.261226,-123.113927,2/2011-7/2011,2011,90,0,Epidemic,0,0,0,0,0,0,1,0,0,0,0,0,0,1,0,0
13,Mumps,Canada (Whistler),North America,50.116168,-122.959423,4/2011,2011,15,0,Cluster,0,0,0,0,0,0,1,0,0,0,0,0,1,0,0,0
14,Measles,Canada (Alberta),North America,53.54356,-113.49045,3/2012,2012,1,0,Isolated,0,0,0,0,1,0,0,0,0,0,0,0,0,0,1,0
15,Whooping Cough,Canada (British Columbia),North America,55.17887,-126.12305,11/2011-7/2012,2012,247,0,Epidemic,0,0,0,0,0,0,0,0,0,0,1,0,0,1,0,0
16,Whooping Cough,Canada (Montreal),North America,45.50867,-73.55399,9/2012,2012,106,0,Cluster,0,0,0,0,0,0,0,0,0,0,1,0,1,0,0,0
17,Whooping Cough,Canada (New Brunswick),North America,46.56532,-66.46192,1/2012-5/2012,2012,548,0,Epidemic,0,0,0,0,0,0,0,0,0,0,1,0,0,1,0,0
18,Measles,Canada (Ontario),North America,51.56341,-88.94531,8/2012,2012,1,0,Isolated,0,0,0,0,1,0,0,0,0,0,0,0,0,0,1,0
19,Measles,Canada (Saskatchewan),North America,53.70971,-106.43555,10/2012,2012,1,0,Cluster,0,0,0,0,1,0,0,0,0,0,0,0,1,0,0,0
20,Whooping Cough,Canada (Yukon Territory),North America,64.28233,-135.00001,4/2012,2012,5,0,Cluster,0,0,0,0,0,0,0,0,0,0,1,0,1,0,0,0
21,Measles,Canada (British Columbia),North America,49.22949,-123.00258,9/2013,2013,4,0,Cluster,0,0,0,0,1,0,0,0,0,0,0,0,1,0,0,0
22,Measles,Canada (British Columbia),North America,53.72667,-127.64762,6/2013,2013,8,0,Cluster,0,0,0,0,1,0,0,0,0,0,0,0,1,0,0,0
23,Measles,Canada (Calgary),North America,51.04532,-114.0581,11/2013,2013,36,0,Cluster,0,0,0,0,1,0,0,0,0,0,0,0,1,0,0,0
24,Measles,Canada (Halton),North America,43.32552,-79.79903,6/2013-7/2013,2013,6,0,Secondary,0,0,0,0,1,0,0,0,0,0,0,0,0,0,0,1
25,Measles,Canada (Halton),North America,43.32552,-79.79903,6/2013-7/2013,2013,6,0,Secondary,0,0,0,0,1,0,0,0,0,0,0,0,0,0,0,1
26,Measles,Canada (New Brunswick),North America,45.64477,-65.87402,2/2013,2013,3,0,Isolated,0,0,0,0,1,0,0,0,0,0,0,0,0,0,1,0
27,Measles,Canada (Ontario),North America,43.13264,-80.73906,8/2013,2013,2,0,Isolated,0,0,0,0,1,0,0,0,0,0,0,0,0,0,1,0
28,Measles,Canada (Prince Edward Island),North America,46.51071,-63.41681,6/2013,2013,2,0,Secondary,0,0,0,0,1,0,0,0,0,0,0,0,0,0,0,1
29,Measles,Canada (Quebec),North America,45.47654,-75.70127,7/2013,2013,1,0,Isolated,0,0,0,0,1,0,0,0,0,0,0,0,0,0,1,0
30,Measles,Canada (Saskatchewan),North America,53.4982,-106.44,11/2013,2013,1,0,Isolated,0,0,0,0,1,0,0,0,0,0,0,0,0,0,1,0
31,Measles,Canada (Southern Alberta),North America,51.06588,-114.09143,10/2013,2013,42,0,Cluster,0,0,0,0,1,0,0,0,0,0,0,0,1,0,0,0
32,Measles,Canada (Toronto Ontario),North America,43.65323,-79.38318,2/2013,2013,1,0,Isolated,0,0,0,0,1,0,0,0,0,0,0,0,0,0,1,0
33,Measles,Canada (Alberta),North America,53.93327,-116.5765,4/2014-7/2014,2014,31,0,Cluster,0,0,0,0,1,0,0,0,0,0,0,0,1,0,0,0
34,Measles,Canada (British Columbia),North America,49.37641,-121.81593,3/2014,2014,375,0,Cluster,0,0,0,0,1,0,0,0,0,0,0,0,1,0,0,0
35,Whooping Cough,Canada (Calgary),North America,51.04532,-114.05810,4/2014-12/2014,2014,128,0,Epidemic,0,0,0,0,0,0,0,0,0,0,1,0,0,1,0,0
36,Measles,Canada (Fort McMurray),North America,56.72638,-111.38034,5/2014,2014,1,0,Isolated,0,0,0,0,1,0,0,0,0,0,0,0,0,0,1,0
37,Measles,Canada (Hamilton),North America,43.25002,-79.86609,4/2014,2014,1,0,Isolated,0,0,0,0,1,0,0,0,0,0,0,0,0,0,1,0
38,Measles,Canada (Manitoba),North America,53.76086,-98.81388,4/2014,2014,7,0,Isolated,0,0,0,0,1,0,0,0,0,0,0,0,0,0,1,0
39,Whooping Cough,Canada (North Coast British Columbia),North America,48.81057,-123.28215,5/2014,2014,22,0,Cluster,0,0,0,0,0,0,0,0,0,0,1,0,1,0,0,0
40,Measles,Canada (Ontario Peel),North America,43.67664,-79.78484,4/2014,2014,1,0,Isolated,0,0,0,0,1,0,0,0,0,0,0,0,0,0,1,0
41,Measles,Canada (Ontario Simcoe County),North America,44.47165,-79.82967,4/2014,2014,1,0,Isolated,0,0,0,0,1,0,0,0,0,0,0,0,0,0,1,0
42,Measles,Canada (Ontario),North America,42.98695,-81.24318,3/2014,2014,2,0,Isolated,0,0,0,0,1,0,0,0,0,0,0,0,0,0,1,0
43,Measles,Canada (Ottawa),North America,45.2609,-75.69719,3/2014,2014,4,0,Isolated,0,0,0,0,1,0,0,0,0,0,0,0,0,0,1,0
44,Whooping Cough,Canada (Prince Edward Island),North America,46.74719,-64.20199,2/2014-5/2014,2014,24,0,Epidemic,0,0,0,0,0,0,0,0,0,0,1,0,0,1,0,0
45,Measles,Canada (Saskatoon),North America,52.1334,-106.68324,4/2014,2014,1,0,Isolated,0,0,0,0,1,0,0,0,0,0,0,0,0,0,1,0
46,Measles,Canada (Sasketchawan),North America,52.93992,-106.45086,1/2014,2014,6,0,Cluster,0,0,0,0,1,0,0,0,0,0,0,0,1,0,0,0
47,Measles,Canada (British Columbia),North America,49.19, -122.80000 ,4/2015,2015,11,0,Secondary,0,0,0,0,1,0,0,0,0,0,0,0,0,0,0,1
48,Whooping Cough,Canada (Calgary),North America,51.24841,"-112.99060
",1/2015,2015,1,0,Epidemic,0,0,0,0,0,0,0,0,0,0,1,0,0,1,0,0
49,Measles,Canada (Manitoba),North America,49.7864,-97.18144,2/2015-4/2015,2015,2,0,,0,0,0,0,1,0,0,0,0,0,0,0,0,0,0,0
50,Whooping Cough,Canada (Manitoba),North America,53.7608608,-98.8138763,1/2015-11/2015,2015,51,0,Epidemic,0,0,0,0,0,0,0,0,0,0,1,0,0,1,0,0
51,Whooping Cough,Canada (New Brunswick),North America,46.5653163,-66.4619164,10/2015-11/2015,2015,47,0,Epidemic,0,0,0,0,0,0,0,0,0,0,1,0,0,1,0,0
52,Whooping Cough,Canada (Saskatoon),North America,52.133214,-106.670046,2015-11-01 00:00:00,2015,61,0,Epidemic,0,0,0,0,0,0,0,0,0,0,1,0,0,1,0,0
53,Whooping Cough,"Canada (Ontario, Bruce County, Huron County)",North America,44.1313,-81.15069,1/2015,2015,239,0,Epidemic,0,0,0,0,0,0,0,0,0,0,1,0,0,1,0,0
54,Mumps,"Canada (Ontario, Guelph)",North America,43.5448,-80.24817,6/2015,2015,14,0,Cluster,0,0,0,0,0,0,1,0,0,0,0,0,1,0,0,0
55,Measles,Canada (Ontario),North America,43.02192, -79.89096 ,2/2015,2015,19,0,Epidemic,0,0,0,0,1,0,0,0,0,0,0,0,0,1,0,0
56,Tetanus,Canada (Ontario),North America,44.56903,-80.94056,6/2015-6/2015,2015,1,0,Isolated,0,0,0,0,0,0,0,0,1,0,0,0,0,0,1,0
57,Whooping Cough,Canada (Ottawa),North America,45.42593, -75.68586 ,4/2015,2015,7,0,Cluster,0,0,0,0,0,0,0,0,0,0,1,0,1,0,0,0
58,Measles,Canada (Quebec),North America,46.64364, -72.14061 ,1/2015-3/2015,2015,150,0,Epidemic,0,0,0,0,1,0,0,0,0,0,0,0,0,1,0,0
59,Mumps,Canada (Quebec),North America,43.54488,-80.25010,5/2015,2015,2,0,Cluster,0,0,0,0,0,0,1,0,0,0,0,0,1,0,0,0
60,Measles,Canada (Toronto),North America,43.64975,-79.39898,2/2015,2015,10,0,Cluster,0,0,0,0,1,0,0,0,0,0,0,0,1,0,0,0
61,Measles,Canada (Vancouver),North America,49.26667, -122.96667 ,3/2015,2015,4,0,Cluster,0,0,0,0,1,0,0,0,0,0,0,0,1,0,0,0
62,Whooping Cough,Canada (Yellowknife),North America,62.4506192,-114.415307,11/2015,2015,1,0,Isolated,0,0,0,0,0,0,0,0,0,0,1,0,0,0,1,0
63,Whooping Cough,"Canada (Thunder Bay, Ontario)",North America,48.3809,-89.24768,10/2015-1/2016,2016,10,0,Cluster,0,0,0,0,0,0,0,0,0,0,1,0,1,0,0,0
64,Measles,Canada (Vancouver),North America,45.63873,-122.66149,2/2016,2016,1,0,Isolated,0,0,0,0,1,0,0,0,0,0,0,0,0,0,1,0
65,Measles,"Canada (Brampton, Ontario)",North America,43.73155,-79.76242,3/2016,2016,1,0,Isolated,0,0,0,0,1,0,0,0,0,0,0,0,0,0,1,0
66,Measles,Canada (Alberta),North America,53.51974,-113.52326,3/2016,2016,1,0,Isolated,0,0,0,0,1,0,0,0,0,0,0,0,0,0,1,0
67,Mumps,"Canada (Whistler, British Columbia)",North America,50.11632,-122.95736,5/2016,2016,11,0,Cluster,0,0,0,0,0,0,1,0,0,0,0,0,1,0,0,0
68,Whooping Cough,Canada (Nunavut),North America,70.299771,-83.107577,10/2016,2016,98,0,Epidemic,0,0,0,0,0,0,0,0,0,0,1,0,0,1,0,0
69,Measles,Canada (Ontario),North America,34.06334,-117.65089,9/2016,2016,2,0,Cluster,0,0,0,0,1,0,0,0,0,0,0,0,1,0,0,0
70,Mumps,Canada (Quebec),North America,46.64364,-72.14061,12/2016,2016,4,0,Cluster,0,0,0,0,0,0,1,0,0,0,0,0,1,0,0,0
71,Measles,Canada (Halifax),North America,44.648764,-63.575239,2/2017,2017,7,0,Cluster,0,0,0,0,1,0,0,0,0,0,0,0,1,0,0,0
72,Mumps,Canada (Toronto),North America,43.653226,-79.383184,3/2017,2017,62,0,Cluster,0,0,0,0,0,0,1,0,0,0,0,0,1,0,0,0
73,Mumps,Canada (Alberta),North America,53.933271,-116.576504,2/2017,2017,9,0,Cluster,0,0,0,0,0,0,1,0,0,0,0,0,1,0,0,0
74,Announcement,Canada (Vancouver),North America,45.63873,-122.66149,3/2017,2017,0,0,Announcement,0,0,0,0,0,0,0,0,0,0,0,1,0,0,0,0
75,Whooping Cough,Canada (Vancouver),North America,45.63873,-122.66149,3/2017,2017,2,0,Cluster,0,0,0,0,0,0,0,0,0,0,1,0,1,0,0,0
76,Mumps,Canada (Ontario),North America,34.06334,-117.65089,3/2017,2017,3,0,Cluster,0,0,0,0,0,0,1,0,0,0,0,0,1,0,0,0
77,Measles,"Canada (Peel, Ontario)",North America,43.67664,-79.784842,3/2017,2017,8,0,Cluster,0,0,0,0,1,0,0,0,0,0,0,0,1,0,0,0
78,Measles,Canada (Toronto),North America,43.653226,-79.383184,3/2017,2017,3,0,Secondary,0,0,0,0,1,0,0,0,0,0,0,0,0,0,0,1
79,Measles,"Canada (Kingston, Ontario)",North America,44.231172,-76.485954,4/2017,2017,1,0,Isolated,0,0,0,0,1,0,0,0,0,0,0,0,0,0,1,0
80,Measles,Canada (New Brunswick),North America,46.565316,-66.461916,4/2017,2017,1,0,Secondary,0,0,0,0,1,0,0,0,0,0,0,0,0,0,0,1
81,Measles,"Canada (Calgary, Alberta)",North America,51.048615,-114.070846,4/2017,2017,1,0,Isolated,0,0,0,0,1,0,0,0,0,0,0,0,0,0,1,0
82,Measles,Canada (Nova Scotia),North America,44.681987,-63.744311,5/2017,2017,32,0,Cluster,0,0,0,0,1,0,0,0,0,0,0,0,1,0,0,0
83,Whooping Cough,Canada (Alberta),North America,56.21205,-115.048828,1/2017,2017,178,0,Cluster,0,0,0,0,0,0,0,0,0,0,1,0,1,0,0,0
84,Whooping Cough,Canada (British Columbia),North America,49.458959,-120.506157,6/2017,2017-02-17 00:00:00,25,0,Cluster,0,0,0,0,0,0,0,0,0,0,1,0,1,0,0,0
85,Diphtheria,Dominican Republic,North America,18.735693,-70.162651,12/2016,2016,2,1,Secondary,0,1,0,0,0,0,0,0,0,0,0,0,0,0,0,1
86,Mumps,Guam,North America,13.444304,144.793731,5/2010,2010,142,0,Epidemic,0,0,0,0,0,0,1,0,0,0,0,0,0,1,0,0
87,Measles,Guam,North America,13.4443,144.79373,3/2014,2014,1,0,Isolated,0,0,0,0,1,0,0,0,0,0,0,0,0,0,1,0
88,Whooping Cough,Guam,North America,13.46701,144.75082,1/2015-3/2015,2015,11,0,Cluster,0,0,0,0,0,0,0,0,0,0,1,0,1,0,0,0
89,Rotavirus,Guatemala,North America,15.783471,-90.230759,1/2010,2010,4336,0,Epidemic,0,0,0,0,0,0,0,1,0,0,0,0,0,1,0,0
90,Diphtheria,Haiti,North America,18.971187,-72.285215,10/2009,2009,33,15,Cluster,0,1,0,0,0,0,0,0,0,0,0,0,1,0,0,0
91,Diphtheria,Haiti,North America,18.97119,-72.28521,2015,2015,8,8,Cluster,0,1,0,0,0,0,0,0,0,0,0,0,1,0,0,0
92,Diphtheria,Haiti,North America,18.59439,-72.30743,2016-12-01 00:00:00,2016,72,16,Cluster,0,1,0,0,0,0,0,0,0,0,0,0,1,0,0,0
93,Measles,Mexico (Guanajuato),North America,21.018111,-101.25832,8/2011,2011,1,0,Isolated,0,0,0,0,1,0,0,0,0,0,0,0,0,0,1,0
94,Measles,Mexico (Tamaulipas),North America,24.26694,-98.836275,7/2011,2011,2,0,Cluster,0,0,0,0,1,0,0,0,0,0,0,0,1,0,0,0
95,Measles,Mexico (via Disneyland),North America,31.74777,-115.66517,1/2015,2015,1,0,Secondary,0,0,0,0,1,0,0,0,0,0,0,0,0,0,0,1
96,Measles,Panama,North America,8.537981,-80.782127,5/2011,2011,3,0,Secondary,0,0,0,0,1,0,0,0,0,0,0,0,0,0,0,1
97,Whooping Cough,"U.S. (Pennsylvania, West Middlesex)",North America,41.53508,-78.52238,11/2008,2008,32,0,Cluster,0,0,0,0,0,0,0,0,0,0,1,0,1,0,0,0
98,Whooping Cough,U.S. (South Dakota),North America,43.969515,-99.901813,11/2008,2008,67,0,Epidemic,0,0,0,0,0,0,0,0,0,0,1,0,0,1,0,0
99,Mumps,"U.S. (Boston, Massachusetts)",North America,42.358431,-71.059773,4/2009,2009,9,0,Secondary,0,0,0,0,0,0,1,0,0,0,0,0,0,0,0,1
100,Measles,U.S. (Iowa),North America,43.14507,-95.14432,4/2009,2009,1,0,Isolated,0,0,0,0,1,0,0,0,0,0,0,0,0,0,1,0
101,Measles,U.S. (Maryland),North America,39.045755,-76.641271,4/2009,2009,4,0,Secondary,0,0,0,0,1,0,0,0,0,0,0,0,0,0,0,1
102,Measles,U.S. (New York),North America,40.714353,-74.005973,7/2009,2009,11,0,Cluster,0,0,0,0,1,0,0,0,0,0,0,0,1,0,0,0
103,Mumps,U.S. (New York),North America,40.714353,-74.1505973,10/2009,2009,57,0,Epidemic,0,0,0,0,0,0,1,0,0,0,0,0,0,1,0,0
104,Whooping Cough,U.S. (North Dakota),North America,47.55149,-101.00201,1/2009-12/2009,2009,30,0,Cluster,0,0,0,0,0,0,0,0,0,0,1,0,1,0,0,0
105,Measles,"U.S. (Pennsylvania, Philadelphia)",North America,39.95233,-75.16379,2/2009,2009,1,0,Isolated,0,0,0,0,1,0,0,0,0,0,0,0,0,0,1,0
106,Measles,"U.S. (Pennsylvania, Pittsburgh)",North America,40.44062,-79.99589,4/2009,2009,5,0,Isolated,0,0,0,0,1,0,0,0,0,0,0,0,0,0,1,0
107,Measles,U.S. (Virginia),North America,37.431573,-78.656894,4/2009,2009,6,0,Secondary,0,0,0,0,1,0,0,0,0,0,0,0,0,0,0,1
108,Mumps,U.S. (California),North America,36.778261,-119.7932,1/2010-5/2010,2010,9,0,Cluster,0,0,0,0,0,0,1,0,0,0,0,0,1,0,0,0
109,Whooping Cough,U.S. (California),North America,36.888261,-119.417932,10/2010,2010,5270,9,Epidemic,0,0,0,0,0,0,0,0,0,0,1,0,0,1,0,0
110,Meningitis,U.S. (Colorado),North America,39.550051,-105.782067,4/2010,2010,5,2,Secondary,0,0,0,0,0,1,0,0,0,0,0,0,0,0,0,1
111,Chicken Pox,U.S. (Florida),North America,27.664827,-81.515754,2/2010,2010,41,0,Epidemic,1,0,0,0,0,0,0,0,0,0,0,0,0,1,0,0
112,Whooping Cough,U.S. (Georgia),North America,32.157435,-82.907123,1/2010,2010,247,0,Epidemic,0,0,0,0,0,0,0,0,0,0,1,0,0,1,0,0
113,Whooping Cough,U.S. (Idaho),North America,44.068202,-114.742041,1/2010,2010,77,0,Epidemic,0,0,0,0,0,0,0,0,0,0,1,0,0,1,0,0
114,Whooping Cough,U.S. (Indiana),North America,40.551217,-85.602364,11/2010,2010,500,2,Epidemic,0,0,0,0,0,0,0,0,0,0,1,0,0,1,0,0
115,Measles,U.S. (Massachusetts),North America,42.40721,"-71.38244
",8/2010,2010,2,0,Secondary,0,0,0,0,1,0,0,0,0,0,0,0,0,0,0,1
116,Whooping Cough,U.S. (Michigan),North America,44.314844,-85.602364,1/2010-12/2010,2010,1564,0,Epidemic,0,0,0,0,0,0,0,0,0,0,1,0,0,1,0,0
117,Whooping Cough,"U.S. (Minnesota, Wright County)",North America,45.15382,-94.6859,5/2010,2010,46,0,Epidemic,0,0,0,0,0,0,0,0,0,0,1,0,0,1,0,0
118,Mumps,U.S. (Nebraska),North America,42.499198,-98.374572,5/2010,2010,20,0,Secondary,0,0,0,0,0,0,1,0,0,0,0,0,0,0,0,1
119,Mumps,U.S. (New York),North America,40.71435,-74.00597,6/2009-6/2010,2010,3502,0,Epidemic,0,0,0,0,0,0,1,0,0,0,0,0,0,1,0,0
120,Mumps,U.S. (North Carolina),North America,35.759573,-79.0193,4/2010,2010,1,0,Isolated,0,0,0,0,0,0,1,0,0,0,0,0,0,0,1,0
121,Whooping Cough,U.S. (North Dakota),North America,47.55149,-101.00201,1/2010-12/2010,2010,58,0,Cluster,0,0,0,0,0,0,0,0,0,0,1,0,1,0,0,0
122,Whooping Cough,U.S. (Ohio),North America,40.417287,-82.907123,1/2010,2010,36,0,Cluster,0,0,0,0,0,0,0,0,0,0,1,0,1,0,0,0
123,Mumps,U.S. (Pennsylvania),North America,41.203322,-77.194525,3/2010,2010,9,0,Cluster,0,0,0,0,0,0,1,0,0,0,0,0,1,0,0,0
124,Mumps,U.S. (Texas),North America,31.968599,-99.001424,4/2010,2010,1,0,Isolated,0,0,0,0,0,0,1,0,0,0,0,0,0,0,1,0
125,Whooping Cough,U.S. (Washington),North America,47.751074,-120.740139,8/2010,2010,2,1,Isolated,0,0,0,0,0,0,0,0,0,0,1,0,0,0,1,0
126,Measles,U.S.,North America,37.09024,-95.712891,1/2011-5/2011,2011,98,0,Epidemic,0,0,0,0,1,0,0,0,0,0,0,0,0,1,0,0
127,Measles,U.S. (California),North America,36.778261,-119.417932,1/2011-9/2011,2011,28,0,Secondary,0,0,0,0,1,0,0,0,0,0,0,0,0,0,0,1
128,Measles,U.S. (Florida),North America,27.664827,-81.015754,4/2011,2011,1,0,Isolated,0,0,0,0,1,0,0,0,0,0,0,0,0,0,1,0
129,Measles,U.S. (Guam),North America,36.90194,-89.82361,4/2011,2011,1,0,Isolated,0,0,0,0,1,0,0,0,0,0,0,0,0,0,1,0
130,Measles,U.S. (Indiana),North America,40.551217,-85.602364,7/2011,2011,14,0,Cluster,0,0,0,0,1,0,0,0,0,0,0,0,1,0,0,0
131,Measles,U.S. (Iowa),North America,41.878003,-93.097702,5/2011,2011,1,0,Isolated,0,0,0,0,1,0,0,0,0,0,0,0,0,0,1,0
132,Measles,"U.S. (Kansas, Johnson County)",North America,38.845412,-94.852064,5/2011,2011,2,0,Secondary,0,0,0,0,1,0,0,0,0,0,0,0,0,0,0,1
133,Whooping Cough,U.S. (Kansas),North America,38.97167,-95.23525,10/2011,2011,6,0,Cluster,0,0,0,0,0,0,0,0,0,0,1,0,1,0,0,0
134,Measles,U.S. (Maine),North America,45.253783,-69.445469,7/2011,2011,1,0,Isolated,0,0,0,0,1,0,0,0,0,0,0,0,0,0,1,0
135,Measles,U.S. (Maryland),North America,39.04575,-76.64127,08/2011,2011,2,0,Secondary,0,0,0,0,1,0,0,0,0,0,0,0,0,0,0,1
136,Measles,U.S. (Massachusetts),North America,42.407211,-71.382437,5/2011,2011,12,0,Cluster,0,0,0,0,1,0,0,0,0,0,0,0,1,0,0,0
137,Measles,U.S. (Michigan),North America,44.314844,-85.602364,7/2011,2011,1,0,Isolated,0,0,0,0,1,0,0,0,0,0,0,0,0,0,1,0
138,Tetanus,U.S. (Michigan),North America,44.314844,-85.602364,7/2011,2011,3,0,Secondary,0,0,0,0,0,0,0,0,1,0,0,0,0,0,0,1
139,Measles,U.S. (Minnesota),North America,46.72955,-94.6859,1/2011-10/2011,2011,26,0,Epidemic,0,0,0,0,1,0,0,0,0,0,0,0,0,1,0,0
140,Measles,U.S. (New Jersey),North America,40.058324,-74.405661,1/2011-7/2011,2011,4,0,Secondary,0,0,0,0,1,0,0,0,0,0,0,0,0,0,0,1
141,Measles,U.S. (New Mexico),North America,34.97273,-105.032364,9/2011,2011,1,0,Isolated,0,0,0,0,1,0,0,0,0,0,0,0,0,0,1,0
142,Measles,"U.S. (New York, Brooklyn)",North America,40.65001,-73.95001,10/2011,2011,6,0,Secondary,0,0,0,0,1,0,0,0,0,0,0,0,0,0,0,1
143,Measles,U.S. (New York),North America,40.714353,-73.995973,3/2011,2011,2,0,Cluster,0,0,0,0,1,0,0,0,0,0,0,0,1,0,0,0
144,Measles,U.S. (New York),North America,40.714353,-74.15973,5/2011,2011,1,0,Isolated,0,0,0,0,1,0,0,0,0,0,0,0,0,0,1,0
145,Measles,U.S. (New York),North America,40.714353,-73.005973,7/2011,2011,1,0,Isolated,0,0,0,0,1,0,0,0,0,0,0,0,0,0,1,0
146,Whooping Cough,U.S. (North Dakota),North America,47.55149,-101.00201,1/2011-12/2011,2011,70,0,Epidemic,0,0,0,0,0,0,0,0,0,0,1,0,0,1,0,0
147,Measles,"U.S. (Pennsylvania, Bucks County)",North America,40.4108,-75.24791,5/2011,2011,4,0,Isolated,0,0,0,0,1,0,0,0,0,0,0,0,0,0,1,0
148,Measles,"U.S. (Pennsylvania, Perry County)",North America,40.371376,-77.240515,2/2011,2011,5,0,Cluster,0,0,0,0,1,0,0,0,0,0,0,0,1,0,0,0
149,Measles,U.S. (Rhode Island),North America,41.580095,-71.477429,4/2011,2011,1,0,Isolated,0,0,0,0,1,0,0,0,0,0,0,0,0,0,1,0
150,Measles,U.S. (Tennessee),North America,35.517491,-86.580447,3/2011,2011,2,0,Cluster,0,0,0,0,1,0,0,0,0,0,0,0,1,0,0,0
151,Measles,U.S. (Texas),North America,31.968599,-99.901813,4/2011,2011,1,0,Isolated,0,0,0,0,1,0,0,0,0,0,0,0,0,0,1,0
152,Measles,"U.S. (Utah, Cache County)",North America,41.756,-111.76147,7/2011,2011,6,0,Isolated,0,0,0,0,1,0,0,0,0,0,0,0,0,0,1,0
153,Measles,U.S. (Utah),North America,39.32098,-111.09373,3/2011-4/2011,2011,4,0,Cluster,0,0,0,0,1,0,0,0,0,0,0,0,1,0,0,0
154,Whooping Cough,"U.S. (Virginia, Floyd County)",North America,36.94463,-80.32131,4/2011,2011,32,0,Cluster,0,0,0,0,0,0,0,0,0,0,1,0,1,0,0,0
155,Measles,U.S. (Virginia),North America,37.431573,-78.656894,5/2011,2011,3,0,Secondary,0,0,0,0,1,0,0,0,0,0,0,0,0,0,0,1
156,Measles,U.S. (Wisconsin),North America,43.78444,-88.78787,09/2011,2011,3,0,Secondary,0,0,0,0,1,0,0,0,0,0,0,0,0,0,0,1
157,Whooping Cough,U.S. (Wisconsin),North America,44.85045,-89.8505,1/2011-12/2011,2011,1078,0,Epidemic,0,0,0,0,0,0,0,0,0,0,1,0,0,1,0,0
158,Whooping Cough,U.S. (Arizona),North America,33.44838,-112.07404,4/2012,2012,1,1,Isolated,0,0,0,0,0,0,0,0,0,0,1,0,0,0,1,0
159,Measles,U.S. (Arizona),North America,34.04893,-111.09373,7/2012,2012,1,0,Isolated,0,0,0,0,1,0,0,0,0,0,0,0,0,0,1,0
160,Measles,U.S. (Arkansas),North America,35.20523,-91.82562,8/2012,2012,2,0,Cluster,0,0,0,0,1,0,0,0,0,0,0,0,1,0,0,0
161,Measles,U.S. (California),North America,34.17053,-118.53234,4/2012,2012,2,0,Cluster,0,0,0,0,1,0,0,0,0,0,0,0,1,0,0,0
162,Mumps,U.S. (California),North America,37.87533,-122.24556,09/2011-1/2012,2012,29,0,Cluster,0,0,0,0,0,0,1,0,0,0,0,0,1,0,0,0
163,Whooping Cough,U.S. (Colorado),North America,39.64026,-106.3742,3/2012-12/2012,2012,1510,0,Epidemic,0,0,0,0,0,0,0,0,0,0,1,0,0,1,0,0
164,Measles,U.S. (Delaware),North America,39.29067,-75.63437,1/2012,2012,1,0,Isolated,0,0,0,0,1,0,0,0,0,0,0,0,0,0,1,0
165,Whooping Cough,"U.S. (Florida, Broward County)",North America,26.1901,-80.36586,4/2012,2012,4,0,Cluster,0,0,0,0,0,0,0,0,0,0,1,0,1,0,0,0
166,Whooping Cough,"U.S. (Florida, Hillsborough County)",North America,27.99036,-82.30177,1/2012-4/2012,2012,40,0,Epidemic,0,0,0,0,0,0,0,0,0,0,1,0,0,1,0,0
167,Whooping Cough,U.S. (Idaho),North America,42.58364,-112.14302,5/2012,2012,1,1,Isolated,0,0,0,0,0,0,0,0,0,0,1,0,0,0,1,0
168,Whooping Cough,U.S. (Illinois),North America,42.30401,-88.4016,08/2011-03/2012,2012,313,0,Epidemic,0,0,0,0,0,0,0,0,0,0,1,0,0,1,0,0
169,Whooping Cough,U.S. (Illinois),North America,38.90414,-89.92532,4/2012-5/2012,2012,19,0,Cluster,0,0,0,0,0,0,0,0,0,0,1,0,1,0,0,0
170,Measles,U.S. (Indiana),North America,40.01062,-86.49965,2/2012,2012,16,0,Cluster,0,0,0,0,1,0,0,0,0,0,0,0,1,0,0,0
171,Chicken Pox,U.S. (Indiana),North America,39.41654,-87.42075,11/2012,2012,100,0,Epidemic,1,0,0,0,0,0,0,0,0,0,0,0,0,1,0,0
172,Whooping Cough,U.S. (Iowa),North America,41.88618,-93.11531,1/2012-5/2012,2012,270,0,Epidemic,0,0,0,0,0,0,0,0,0,0,1,0,0,1,0,0
173,Measles,"U.S. (Kansas, Finney County)",North America,37.97169,-100.87266,1/2012,2012,6,0,Cluster,0,0,0,0,1,0,0,0,0,0,0,0,1,0,0,0
174,Whooping Cough,U.S. (Maine),North America,44.76504,-69.71938,1/2012-6/2012,2012,80,0,Epidemic,0,0,0,0,0,0,0,0,0,0,1,0,0,1,0,0
175,Whooping Cough,U.S. (Maryland),North America,39.03665,-76.64612,1/2012-7/2012,2012,133,0,Epidemic,0,0,0,0,0,0,0,0,0,0,1,0,0,1,0,0
176,Measles,U.S. (Michigan),North America,42.59219,-83.33619,1/2012,2012,1,0,Isolated,0,0,0,0,1,0,0,0,0,0,0,0,0,0,1,0
177,Whooping Cough,"U.S. (Minnesota, Isanti County)",North America,45.63014,-94.01909,5/2012-7/2012,2012,14,0,Cluster,0,0,0,0,0,0,0,0,0,0,1,0,1,0,0,0
178,Whooping Cough,"U.S. (Minnesota, Olmsted County)",North America,43.99518,-92.38136,1/2012-7/2012,2012,98,0,Epidemic,0,0,0,0,0,0,0,0,0,0,1,0,0,1,0,0
179,Whooping Cough,U.S. (Minnesota),North America,45.02089,-93.50946,1/2012-12/2012,2012,4433,0,Epidemic,0,0,0,0,0,0,0,0,0,0,1,0,0,1,0,0
180,Whooping Cough,U.S. (Missouri),North America,37.20896,-93.2923,2/2012,2012,4,0,Cluster,0,0,0,0,0,0,0,0,0,0,1,0,1,0,0,0
181,Whooping Cough,U.S. (Montana),North America,46.55886,-110.36257,1/2012-7/2012,2012,355,0,Epidemic,0,0,0,0,0,0,0,0,0,0,1,0,0,1,0,0
182,Whooping Cough,"U.S. (Nevada, Clark County)",North America,36.07956,-115.09405,1/2012-7/2012,2012,22,0,Cluster,0,0,0,0,0,0,0,0,0,0,1,0,1,0,0,0
183,Whooping Cough,U.S. (New Jersey),North America,40.08213,-74.2097,2/2012,2012,14,0,Cluster,0,0,0,0,0,0,0,0,0,0,1,0,1,0,0,0
184,Whooping Cough,U.S. (New Mexico),North America,34.51994,-105.87009,1/2012-5/2012,2012,112,1,Epidemic,0,0,0,0,0,0,0,0,0,0,1,0,0,1,0,0
185,Measles,U.S. (New Mexico),North America,34.52452,-105.87962,6/2012,2012,1,0,Isolated,0,0,0,0,1,0,0,0,0,0,0,0,0,0,1,0
186,Measles,"U.S. (New York, Ulster County)",North America,41.86438,-74.32843,9/2012,2012,1,0,Isolated,0,0,0,0,1,0,0,0,0,0,0,0,0,0,1,0
187,Whooping Cough,U.S. (New York),North America,40.84288,-73.29289,01/2012-07/2012,2012,1288,0,Epidemic,0,0,0,0,0,0,0,0,0,0,1,0,0,1,0,0
188,Whooping Cough,U.S. (North Carolina),North America,36.01174,-79.42538,12/2011-2/2012,2012,82,0,Epidemic,0,0,0,0,0,0,0,0,0,0,1,0,0,1,0,0
189,Whooping Cough,U.S. (North Dakota),North America,47.55149,-101.00201,1/2012-10/2012,2012,179,0,Epidemic,0,0,0,0,0,0,0,0,0,0,1,0,0,1,0,0
190,Whooping Cough,U.S. (Oregon),North America,43.80413,-120.5542,1/2012-7/2012,2012,458,0,Epidemic,0,0,0,0,0,0,0,0,0,0,1,0,0,1,0,0
191,Whooping Cough,U.S. (Pennsylvania),North America,40.44508,-80.00877,1/2012-5/2012,2012,46,0,Cluster,0,0,0,0,0,0,0,0,0,0,1,0,1,0,0,0
192,Whooping Cough,U.S. (South Carolina),North America,34.90462,-82.64834,3/2012,2012,2,0,Cluster,0,0,0,0,0,0,0,0,0,0,1,0,1,0,0,0
193,Whooping Cough,U.S. (Texas),North America,31.13268,-97.52993,4/2012,2012,32,0,Cluster,0,0,0,0,0,0,0,0,0,0,1,0,1,0,0,0
194,Whooping Cough,U.S. (Utah),North America,40.96288,-112.09533,1/2012-12/2012,2012,1497,0,Epidemic,0,0,0,0,0,0,0,0,0,0,1,0,0,1,0,0
195,Whooping Cough,U.S. (Vermont),North America,44.5588,-72.57784,1/2012-12/2012,2012,632,0,Epidemic,0,0,0,0,0,0,0,0,0,0,1,0,0,1,0,0
196,Measles,"U.S. (Washington, Cowlitz County)",North America,46.1746472,-122.7746902,11/2012,2012,1,0,Isolated,0,0,0,0,1,0,0,0,0,0,0,0,0,0,1,0
197,Whooping Cough,U.S. (Wisconsin),North America,44.26193,-88.41538,1/2012-12/2012,2012,5923,0,Epidemic,0,0,0,0,0,0,0,0,0,0,1,0,0,1,0,0
198,Measles,U.S. (New Jersey),North America,40.56811,-74.59502,1/2012-12/2012,2012,2,0,Cluster,0,0,0,0,1,0,0,0,0,0,0,0,1,0,0,0
199,Measles,U.S. (Nationwide),North America,38.75408,-96.06445,1/2013-11/2013,2013,175,0,Epidemic,0,0,0,0,1,0,0,0,0,0,0,0,0,1,0,0
200,Whooping Cough,U.S. (Arizona),North America,34.04893,-111.09373,11/2013,2013,12000,0,Epidemic,0,0,0,0,0,0,0,0,0,0,1,0,0,1,0,0
201,Typhoid,U.S. (California),North America,37.76922,-122.44814,4/2013,2013,1,0,Isolated,0,0,0,0,0,0,0,0,0,1,0,0,0,0,1,0
202,Whooping Cough,"U.S. (Colorado, Phillips County)",North America,40.53713,-102.34639,11/2013,2013,14,0,Cluster,0,0,0,0,0,0,0,0,0,0,1,0,1,0,0,0
203,Measles,U.S. (Florida),North America,27.664827,-81.515754,12/2012-1/2013,2013,5,0,Secondary,0,0,0,0,1,0,0,0,0,0,0,0,0,0,0,1
204,Whooping Cough,"U.S. (Kansas, Johnson County)",North America,38.84541,-94.85206,1/2012 - 1/2013,2013,491,0,Epidemic,0,0,0,0,0,0,0,0,0,0,1,0,0,1,0,0
205,Mumps,U.S. (Maryland),North America,39.34624,-76.61818,3/2013,2013,12,0,Cluster,0,0,0,0,0,0,1,0,0,0,0,0,1,0,0,0
206,Measles,U.S. (Michigan),North America,44.26413,-85.63602,1/2013-9/2013,2013,2,0,Isolated,0,0,0,0,1,0,0,0,0,0,0,0,0,0,1,0
207,Whooping Cough,U.S. (Montana),North America,48.42415,-114.15315,6/2012-5/2013,2013,225,0,Epidemic,0,0,0,0,0,0,0,0,0,0,1,0,0,1,0,0
208,Measles,U.S. (New Jersey),North America,40.56811,-74.59502,1/2013-12/2013,2013,15,0,Cluster,0,0,0,0,1,0,0,0,0,0,0,0,1,0,0,0
209,Mumps,U.S. (New Jersey),North America,40.05832,-74.40566,9/2013,2013,1,0,Isolated,0,0,0,0,0,0,1,0,0,0,0,0,0,0,1,0
210,Whooping Cough,U.S. (New Mexico),North America,35.1107,-106.60999,1/2013-9/2013,2013,331,0,Epidemic,0,0,0,0,0,0,0,0,0,0,1,0,0,1,0,0
211,Measles,"U.S. (New York, Brooklyn)",North America,40.70645,-73.95362,1/2013-7/2013,2013,58,0,Cluster,0,0,0,0,1,0,0,0,0,0,0,0,1,0,0,0
212,Whooping Cough,"U.S. (New York, St. Lawrence County)",North America,44.44731,-74.93021,9/2013,2013,11,0,Cluster,0,0,0,0,0,0,0,0,0,0,1,0,1,0,0,0
213,Whooping Cough,U.S. (North Carolina),North America,35.77959,-78.63818,1/2013-8/2013,2013,326,0,Epidemic,0,0,0,0,0,0,0,0,0,0,1,0,0,1,0,0
214,Measles,U.S. (North Carolina),North America,36.0263,-79.10969,4/2013-5/2013,2013,23,0,Cluster,0,0,0,0,1,0,0,0,0,0,0,0,1,0,0,0
215,Whooping Cough,"U.S. (Northampton, Massachusetts",North America,42.32509,-72.6412,6/2013,2013,52,0,Cluster,0,0,0,0,0,0,0,0,0,0,1,0,1,0,0,0
216,Whooping Cough,U.S. (Ohio),North America,39.89121,-83.67739,1/2013-11/2013,2013,901,0,Epidemic,0,0,0,0,0,0,0,0,0,0,1,0,0,1,0,0
217,Measles,U.S. (Oregon),North America,44.84464,-122.59274,1/2013-12/2013,2013,6,0,Epidemic,0,0,0,0,1,0,0,0,0,0,0,0,0,1,0,0
218,Measles,"U.S. (Seminole County, Florida)",North America,28.71317,-81.20782,2/2013-3/2013,2013,2,0,Isolated,0,0,0,0,1,0,0,0,0,0,0,0,0,0,1,0
219,Measles,U.S. (South Florida),North America,26.1901,-80.36586,3/2013,2013,1,0,Isolated,0,0,0,0,1,0,0,0,0,0,0,0,0,0,1,0
220,Measles,U.S. (Texas),North America,29.77518,-95.31025,4/2013,2013,1,0,Isolated,0,0,0,0,1,0,0,0,0,0,0,0,0,0,1,0
221,Measles,U.S. (Texas),North America,32.72541,-97.32085,8/2013,2013,16,0,Cluster,0,0,0,0,1,0,0,0,0,0,0,0,1,0,0,0
222,Whooping Cough,U.S. (Texas),North America,30.26382,-97.77139,1/2013-12/2013,2013,3482,0,Epidemic,0,0,0,0,0,0,0,0,0,0,1,0,0,1,0,0
223,Mumps,U.S. (Virginia),North America,37.54072,-77.43605,3/2013,2013,15,0,Cluster,0,0,0,0,0,0,1,0,0,0,0,0,1,0,0,0
224,Measles,"U.S. (Washington, King County)",North America,47.56541,-122.00357,1/2013,2013,2,0,Isolated,0,0,0,0,1,0,0,0,0,0,0,0,0,0,1,0
225,Measles,"U.S. (Washington, Seattle)",North America,47.60621,-122.33207,7/2013,2013,2,0,Isolated,0,0,0,0,1,0,0,0,0,0,0,0,0,0,1,0
226,Whooping Cough,U.S. (Washington),North America,47.28668,-119.28955,1/2012-1/2013,2013,4783,0,Epidemic,0,0,0,0,0,0,0,0,0,0,1,0,0,1,0,0
227,Measles,U.S. (Washington),North America,47.54803,-121.9836,8/2013,2013,2,0,Isolated,0,0,0,0,1,0,0,0,0,0,0,0,0,0,1,0
228,Whooping Cough,"U.S. (Wisconsin, Wood County)",North America,44.38358,-89.81735,1/2013-12/2013,2013,31,0,Epidemic,0,0,0,0,0,0,0,0,0,0,1,0,0,1,0,0
229,Whooping Cough,"U.S. (Alabama, Mobile County)",North America,30.69537,-88.03989,4/2014-6/2014,2014,15,0,Cluster,0,0,0,0,0,0,0,0,0,0,1,0,1,0,0,0
230,Whooping Cough,U.S. (Alaska),North America,64.83778,-147.71639,1/2014-11/2014,2014,130,0,Epidemic,0,0,0,0,0,0,0,0,0,0,1,0,0,1,0,0
231,Whooping Cough,U.S. (California),North America,37.46738,-126.339112,1/2014-12/2014,2014,10831,1,Epidemic,0,0,0,0,0,0,0,0,0,0,1,0,0,1,0,0
232,Whooping Cough,"U.S. (Colorado, Weld County)",North America,40.5266,-104.48,1/2014-10/2014,2014,116,0,Epidemic,0,0,0,0,0,0,0,0,0,0,1,0,0,1,0,0
233,Whooping Cough,"U.S. (Delaware, Kent County)",North America,39.14406,-75.43447,2/2014,2014,48,0,Cluster,0,0,0,0,0,0,0,0,0,0,1,0,1,0,0,0
234,Whooping Cough,U.S. (Idaho),North America,43.47877,-116.24203,1/2014-9/2014,2014,287,1,Epidemic,0,0,0,0,0,0,0,0,0,0,1,0,0,1,0,0
235,Mumps,U.S. (Idaho),North America,46.72881,-117.01261,11/2014,2014,10,0,Cluster,0,0,0,0,0,0,1,0,0,0,0,0,1,0,0,0
236,Whooping Cough,"U.S. (Illinois, Staunton)",North America,39.0108,-89.7878,10/2014-11/2014,2014,24,0,Cluster,0,0,0,0,0,0,0,0,0,0,1,0,1,0,0,0
237,Whooping Cough,"U.S. (Kansas, Barton County)",North America,38.36138,-98.76515,12/2014,2014,1,1,Isolated,0,0,0,0,0,0,0,0,0,0,1,0,0,0,1,0
238,Whooping Cough,"U.S. (Maine, York County)",North America,43.38453,-70.54399,4/2014,2014,6,0,Cluster,0,0,0,0,0,0,0,0,0,0,1,0,1,0,0,0
239,Whooping Cough,"U.S. (Massachusetts, Barstable County)",North America,41.72,-70.2500,11/2014,2014,17,0,Cluster,0,0,0,0,0,0,0,0,0,0,1,0,1,0,0,0
240,Whooping Cough,U.S. (Michigan),North America,42.59387,-85.90844,1/2014-12/2014,2014,1424,0,Epidemic,0,0,0,0,0,0,0,0,0,0,1,0,0,1,0,0
241,Whooping Cough,"U.S. (Minnesota, Goodhue County)",North America,44.41,-92.7200,11/2014,2014,11,0,Cluster,0,0,0,0,0,0,0,0,0,0,1,0,1,0,0,0
242,Whooping Cough,U.S. (Montana),North America,47.49418,-111.28334,1/2014-12/2014,2014,423,0,Epidemic,0,0,0,0,0,0,0,0,0,0,1,0,0,1,0,0
243,Whooping Cough,U.S. (Nebraska),North America,40.81056,-96.68028,12/2014,2014,110,0,Epidemic,0,0,0,0,0,0,0,0,0,0,1,0,0,1,0,0
244,Whooping Cough,"U.S. (Nevada, Elko County)",North America,41.13,-115.3500,7/2014-11/2014,2014,14,0,Cluster,0,0,0,0,0,0,0,0,0,0,1,0,1,0,0,0
245,Whooping Cough,"U.S. (New Jersey, Princeton)",North America,40.3571,-74.6702,10/2014-11/2014,2014,3,0,Cluster,0,0,0,0,0,0,0,0,0,0,1,0,1,0,0,0
246,Whooping Cough,"U.S. (New York, Clinton County)",North America,44.79042,-73.60058,12/2014,2014,2,0,Cluster,0,0,0,0,0,0,0,0,0,0,1,0,1,0,0,0
247,Whooping Cough,"U.S. (New York, Erie County)",North America,43.02163,-78.96573,11/2014,2014,13,0,Cluster,0,0,0,0,0,0,0,0,0,0,1,0,1,0,0,0
248,Whooping Cough,U.S. (North Carolina),North America,35.59314,-82.47528,12/2014,2014,19,0,Cluster,0,0,0,0,0,0,0,0,0,0,1,0,1,0,0,0
249,Measles,U.S. (North Carolina),North America,35.58486,-80.81007,12/2014,2014,1,0,Isolated,0,0,0,0,1,0,0,0,0,0,0,0,0,0,1,0
250,Whooping Cough,"U.S. (Ohio, Cincinnati)",North America,39.1,-84.5167,11/2014,2014,20,0,Cluster,0,0,0,0,0,0,0,0,0,0,1,0,1,0,0,0
251,Whooping Cough,"U.S. (Ohio, Logan County) ",North America,40.36116,-83.75966,4/2014-6/2014,2014,10,0,Cluster,0,0,0,0,0,0,0,0,0,0,1,0,1,0,0,0
252,Mumps,U.S. (Ohio),North America,39.96118,-82.99879,1/2014-8/2014,2014,483,0,Epidemic,0,0,0,0,0,0,1,0,0,0,0,0,0,1,0,0
253,Whooping Cough,U.S. (Oregon),North America,36.26615,-94.47998,9/2014-12/2014,2014,29,0,Cluster,0,0,0,0,0,0,0,0,0,0,1,0,1,0,0,0
254,Whooping Cough,"U.S. (Pennsylvania, Allegheny County)",North America,40.44508,-80.00877,1/2014-11/2014,2014,140,0,Epidemic,0,0,0,0,0,0,0,0,0,0,1,0,0,1,0,0
255,Mumps,"U.S. (Pennsylvania, Pittsburgh)",North America,40.43918,-79.98966,12/2014,2014,5,0,Cluster,0,0,0,0,0,0,1,0,0,0,0,0,1,0,0,0
256,Whooping Cough,"U.S. (Pennsylvania, Pittsburgh)",North America,40.44062,-79.99589,5/2014,2014,11,0,Cluster,0,0,0,0,0,0,0,0,0,0,1,0,1,0,0,0
257,Whooping Cough,U.S. (South Carolina),North America,34.90462,-82.64834,1/2014-5/2014,2014,30,0,Cluster,0,0,0,0,0,0,0,0,0,0,1,0,1,0,0,0
258,Whooping Cough,U.S. (South Dakota),North America,44.49082,-103.85937,5/2014,2014,10,0,Epidemic,0,0,0,0,0,0,0,0,0,0,1,0,0,1,0,0
259,Whooping Cough,U.S. (Utah),North America,41.26026,-111.95225,1/2014-12/2014,2014,748,0,Epidemic,0,0,0,0,0,0,0,0,0,0,1,0,0,1,0,0
260,Whooping Cough,"U.S. (Virginia, Lynchburg)",North America,37.41375,-79.14225,2/2014,2014,1,0,Isolated,0,0,0,0,0,0,0,0,0,0,1,0,0,0,1,0
261,Whooping Cough,U.S. (Virginia),North America,38.90855,-77.24052,8/2014-9/2014,2014,4,0,Cluster,0,0,0,0,0,0,0,0,0,0,1,0,1,0,0,0
262,Whooping Cough,U.S. (Virginia),North America,36.89494,-82.11608,11/2014,2014,18,0,Cluster,0,0,0,0,0,0,0,0,0,0,1,0,1,0,0,0
263,Mumps,U.S. (Wisconsin Madison),North America,43.07305,-89.40123,4/2014,2014,5,0,Cluster,0,0,0,0,0,0,1,0,0,0,0,0,1,0,0,0
264,Measles,U.S. (Nationwide),North America,37.09024,-95.712891,1/2014-12/2014,2014,667,0,Epidemic,0,0,0,0,1,0,0,0,0,0,0,0,0,1,0,0
265,Measles,U.S. (Minnesota),North America,45.01632,-93.71910,2/2015,2015,1,0,Isolated,0,0,0,0,1,0,0,0,0,0,0,0,0,0,1,0
266,Measles,"U.S. (Alaska, Fairbanks)",North America,64.83778,-147.71596,6/2015,2015,1,0,Secondary,0,0,0,0,1,0,0,0,0,0,0,0,0,0,0,1
267,Measles,U.S. (Arizona),North America,35.0313,-110.47163,2015-02-01 00:00:00,2015,7,0,Secondary,0,0,0,0,1,0,0,0,0,0,0,0,0,0,0,1
268,Whooping Cough,U.S. (Arizona),North America,33.24056,-109.283153,9/2015,2015,8,0,Cluster,0,0,0,0,0,0,0,0,0,0,1,0,1,0,0,0
269,Measles,"U.S. (Berkeley, California)",North America,37.87159,-122.27275,9/2015,2015,1,0,Isolated,0,0,0,0,1,0,0,0,0,0,0,0,0,0,1,0
270,Measles,"U.S. (California, Disneyland)",North America,33.81049,-117.91900,1/2015-3/2015,2015,129,0,Epidemic,0,0,0,0,1,0,0,0,0,0,0,0,0,1,0,0
271,Whooping Cough,U.S. (California),North America,37.91759, -121.17104 ,1/2015-3/2015,2015,23,2,Cluster,0,0,0,0,0,0,0,0,0,0,1,0,1,0,0,0
272,Measles,U.S. (Colorado),North America,39.64026,-106.37420,1/2015,2015,1,0,Secondary,0,0,0,0,1,0,0,0,0,0,0,0,0,0,0,1
273,Measles,U.S. (Delaware),North America,39.5393,-75.66736,1/2015,2015,1,0,Isolated,0,0,0,0,1,0,0,0,0,0,0,0,0,0,1,0
274,Measles,U.S. (Florida),North America,27.69477, -80.54384 ,4/2015,2015,5,0,Cluster,0,0,0,0,1,0,0,0,0,0,0,0,1,0,0,0
275,Measles,U.S. (Georgia),North America,32.17507,-82.85450,1/2015-2/2015,2015,1,0,Isolated,0,0,0,0,1,0,0,0,0,0,0,0,0,0,1,0
276,Measles,U.S. (Georgia),North America,34.23585, -84.14351 ,5/2015,2015,1,0,Isolated,0,0,0,0,1,0,0,0,0,0,0,0,0,0,1,0
277,Mumps,U.S. (Idaho),North America,43.61871,-116.21461,2/2015,2015,21,0,Epidemic,0,0,0,0,0,0,1,0,0,0,0,0,0,1,0,0
278,Mumps,"U.S. (Illinois, Champaign-Urbana)",North America,40.101952,-88.22716200000002,8/2015,2015,101,0,Epidemic,0,0,0,0,0,0,1,0,0,0,0,0,0,1,0,0
279,Mumps,"U.S. (Illinois, McLean County)",North America,40.5352293,-89.01434819999997,9/2015,2015,16,0,Cluster,0,0,0,0,0,0,1,0,0,0,0,0,1,0,0,0
280,Mumps,"U.S. (Illinois, Mclean County)",North America,40.484864,-88.975651,10/2015,2015,3,0,Cluster,0,0,0,0,0,0,1,0,0,0,0,0,1,0,0,0
281,Measles,U.S. (Illinois),North America,39.78172, -89.65015 ,1/2015-3/2015,2015,15,0,Cluster,0,0,0,0,1,0,0,0,0,0,0,0,1,0,0,0
282,Whooping Cough,U.S. (Indiana),North America,38.60561,-86.10109,1/2015,2015,3,0,Epidemic,0,0,0,0,0,0,0,0,0,0,1,0,0,1,0,0
283,Mumps,U.S. (Iowa),North America,41.6699,-91.59840,8/2015,2015,15,0,Cluster,0,0,0,0,0,0,1,0,0,0,0,0,1,0,0,0
284,Whooping Cough,"U.S. (Kansas, Barton County)",North America,38.36138,-98.76515,6/2015,2015,27,0,Cluster,0,0,0,0,0,0,0,0,0,0,1,0,1,0,0,0
285,Whooping Cough,"U.S. (Kansas, Reno County)",North America,37.95696,-98.04652,7/2015,2015,41,0,Epidemic,0,0,0,0,0,0,0,0,0,0,1,0,0,1,0,0
286,Whooping Cough,"U.S. (Kentucky, Edgewood)",North America,39.0186719,-84.58188799999999,8/2015,2015,9,0,Cluster,0,0,0,0,0,0,0,0,0,0,1,0,1,0,0,0
287,Measles,U.S. (Michigan),North America,42.59106,-83.32700,1/2015,2015,1,0,Isolated,0,0,0,0,1,0,0,0,0,0,0,0,0,0,1,0
288,Chicken Pox,U.S. (Michigan),North America,43.294941,-86.126106,12/2015,2015,4,0,Cluster,1,0,0,0,0,0,0,0,0,0,0,0,1,0,0,0
289,Mumps,"U.S. (Missouri, Columbia County) ",North America,38.94038,-92.3277,7/2015,2015,6,0,Cluster,0,0,0,0,0,0,1,0,0,0,0,0,1,0,0,0
290,Chicken Pox,"U.S. (Missouri, Kansas City)",North America,39.09973,-94.57857,9/2015,2015,2,0,Cluster,1,0,0,0,0,0,0,0,0,0,0,0,1,0,0,0
291,Measles,U.S. (Missouri),North America,44.97399,-93.22773,1/2015,2015,1,0,Isolated,0,0,0,0,1,0,0,0,0,0,0,0,0,0,1,0
292,Measles,U.S. (Nebraska),North America,41.2657,-96.10507,1/2015,2015,3,0,Cluster,0,0,0,0,1,0,0,0,0,0,0,0,1,0,0,0
293,Measles,"U.S. (Nevada, Clark County)",North America,36.07956,-115.09405,1/2015-2/2015,2015,9,0,Cluster,0,0,0,0,1,0,0,0,0,0,0,0,1,0,0,0
294,Whooping Cough,"U.S. (New Jersey, Ocean County)",North America,39.9652553,-74.3118212,11/2015,2015,3,0,Secondary,0,0,0,0,0,0,0,0,0,0,1,0,0,0,0,1
295,Measles,U.S. (New Jersey),North America,39.80559, -74.55947 ,1/2015-3/2015,2015,2,0,Cluster,0,0,0,0,1,0,0,0,0,0,0,0,1,0,0,0
296,Measles,U.S. (New Jersey),North America,40.53012,-74.31693,5/2015,2015,1,0,Isolated,0,0,0,0,1,0,0,0,0,0,0,0,0,0,1,0
297,Mumps,U.S. (Texas),North America,31.968599,-99.901813,5/2015,2015,2,0,Cluster,0,0,0,0,0,0,1,0,0,0,0,0,1,0,0,0
298,Mumps,U.S. (Wisconsin),North America,43.78444,-88.787868,10/2015,2015,6,0,Cluster,0,0,0,0,0,0,1,0,0,0,0,0,1,0,0,0
299,Whooping Cough,"U.S. (New Mexico, Curry County)",North America,34.5751567,-103.2663479,1/2015-11/2015,2015,13,0,Cluster,0,0,0,0,0,0,0,0,0,0,1,0,1,0,0,0
300,Whooping Cough,"U.S. (New York, Batavia)",North America,43.0102323,-78.1815803,1/2015-11/2015,2015,7,0,Cluster,0,0,0,0,0,0,0,0,0,0,1,0,1,0,0,0
301,Whooping Cough,"U.S. (New York, Brooklyn)",North America,40.6781784,-73.9441579,10/2014-10/2015,2015,109,0,Epidemic,0,0,0,0,0,0,0,0,0,0,1,0,0,1,0,0
302,Whooping Cough,"U.S. (New York, Rochester)",North America,43.16103,-77.6109219,1/2015-11/2015,2015,1,0,Isolated,0,0,0,0,0,0,0,0,0,0,1,0,0,0,1,0
303,Whooping Cough,U.S. (North Carolina),North America,35.21905,-83.04153,4/2015,2015,5,0,Cluster,0,0,0,0,0,0,0,0,0,0,1,0,1,0,0,0
304,Measles,U.S. (Oklahoma),North America,36.145, -97.00684 ,3/2015,2015,1,0,Isolated,0,0,0,0,1,0,0,0,0,0,0,0,0,0,1,0
305,Whooping Cough,U.S. (Oregon),North America,36.25473,-94.47998,1/2015-3/2015,2015,8,1,Cluster,0,0,0,0,0,0,0,0,0,0,1,0,1,0,0,0
306,Whooping Cough,U.S. (Oregon),North America,44.55211, -123.28839 ,4/2015,2015,2,0,Cluster,0,0,0,0,0,0,0,0,0,0,1,0,1,0,0,0
307,Measles,U.S. (Oregon),North America,44.17009,-120.02849,1/2015-2/2015,2015,1,0,Secondary,0,0,0,0,1,0,0,0,0,0,0,0,0,0,0,1
308,Measles,U.S. (Pennsylvania),North America,40.58879,-77.56806,1/2015-2/2015,2015,1,0,Isolated,0,0,0,0,1,0,0,0,0,0,0,0,0,0,1,0
309,Whooping Cough,U.S. (Pennsylvania),North America,40.03699, -75.37620 ,3/2015-4/2015,2015,8,0,Cluster,0,0,0,0,0,0,0,0,0,0,1,0,1,0,0,0
310,Measles,U.S. (South Dakota),North America,43.70943,-98.02980,1/2015,2015,13,0,Epidemic,0,0,0,0,1,0,0,0,0,0,0,0,0,1,0,0
311,Whooping Cough,"U.S. (Texas, Plano City)",North America,33.0198431,-96.6988856,11/2015,2015,2,0,Cluster,0,0,0,0,0,0,0,0,0,0,1,0,1,0,0,0
312,Measles,U.S. (Texas) ,North America,32.7732,-97.35166,1/2015,2015,1,0,Isolated,0,0,0,0,1,0,0,0,0,0,0,0,0,0,1,0
313,Measles,(U.S.) New York,North America,41.73379,-74.51543,1/2015-3/2015,2015,3,0,Cluster,0,0,0,0,1,0,0,0,0,0,0,0,1,0,0,0
314,Whooping Cough,U.S. (Utah),North America,40.82976, -110.99835 ,1/2015-4/2015,2015,63,0,Cluster,0,0,0,0,0,0,0,0,0,0,1,0,1,0,0,0
315,Measles,U.S. (Utah),North America,39.66547,-110.08513,1/2015-2/2015,2015,3,0,Secondary,0,0,0,0,1,0,0,0,0,0,0,0,0,0,0,1
316,Whooping Cough,"U.S. (Virginia ,Albemarle)",North America,38.0567092,-78.6114999,11/2015,2015,1,0,Isolated,0,0,0,0,0,0,0,0,0,0,1,0,0,0,1,0
317,Measles,U.S. (Virginia),North America,38.90855,-77.24052,5/2015,2015,1,0,Isolated,0,0,0,0,1,0,0,0,0,0,0,0,0,0,1,0
318,Measles,U.S. (Virginia),North America,38.908547,-77.240515,10/2015,2015,1,0,Isolated,0,0,0,0,1,0,0,0,0,0,0,0,0,0,1,0
319,Measles,U.S. (Washington D.C.),North America,38.92028,-77.03344,1/2015-3/2015,2015,2,0,Cluster,0,0,0,0,1,0,0,0,0,0,0,0,1,0,0,0
320,Measles,"U.S. (Washington, Clallam County)",North America,48.04051,-124.01677,6/2015,2015,1,1,Isolated,0,0,0,0,1,0,0,0,0,0,0,0,0,0,1,0
321,Whooping Cough,U.S. (Washington),North America,46.23698, -118.58548 ,1/2015-4/2015,2015,28,0,Cluster,0,0,0,0,0,0,0,0,0,0,1,0,1,0,0,0
322,Measles,U.S. (Washington),North America,47.58068,-122.05587,1/2015-3/2015,2015,5,0,Secondary,0,0,0,0,1,0,0,0,0,0,0,0,0,0,0,1
323,Measles,U.S. (Washington),North America,47.65878, -117.42605 ,4/2015,2015,1,0,Isolated,0,0,0,0,1,0,0,0,0,0,0,0,0,0,1,0
324,Whooping Cough,U.S. (West Virginia),North America,38.5976262,-80.4549026,1/2015-11/2015,2015,52,0,Epidemic,0,0,0,0,0,0,0,0,0,0,1,0,0,1,0,0
325,Whooping Cough,U.S. (Alaska),North America,64.200841,-149.493673,1/2015-12/2015,2015,106,0,Epidemic,0,0,0,0,0,0,0,0,0,0,1,0,0,1,0,0
326,H1N1 Flu,U.S. (Washington),North America,38.907192,-77.036871,1/2016,2016,1,1,Isolated,0,0,1,0,0,0,0,0,0,0,0,0,0,0,1,0
327,Whooping Cough,"U.S. (Texas, Austin)",North America,30.181,-97.79152,2/2016,2016,2,0,Isolated,0,0,0,0,0,0,0,0,0,0,1,0,0,0,1,0
328,Announcement,U.S. (Mississippi),North America,32.35467,-89.39853,3/2016,2016,0,0,Announcement,0,0,0,0,0,0,0,0,0,0,0,1,0,0,0,0
329,Whooping Cough,U.S. (New York) ,North America,41.77844,-73.74779,1/2016-4/2016,2016,47,0,Cluster,0,0,0,0,0,0,0,0,0,0,1,0,1,0,0,0
330,Whooping Cough,U.S. (California),North America,35.49373,-118.85968,5/2016,2016,1,1,Isolated,0,0,0,0,0,0,0,0,0,0,1,0,0,0,1,0
331,Whooping Cough,"U.S. (Portland, Oregon)",North America,45.52306,-122.67648,1/2016-5/2016,2016,9,0,Cluster,0,0,0,0,0,0,0,0,0,0,1,0,1,0,0,0
332,Whooping Cough,U.S. (California),North America,35.49373,-118.85968,6/2016,2016,3500,0,Epidemic,0,0,0,0,0,0,0,0,0,0,1,0,0,1,0,0
333,Whooping Cough,U.S. (Ohio),North America,40.4173,-82.9071,6/2016,2016,16,0,Cluster,0,0,0,0,0,0,0,0,0,0,1,0,1,0,0,0
334,Announcement,U.S. (Arizona),North America,33.44838,-112.07404,7/2016,2016,0,0,Announcement,0,0,0,0,0,0,0,0,0,0,0,1,0,0,0,0
335,Whooping Cough,U.S. (Minnesota),North America,43.9952,-92.3814,2016-07-01 00:00:00,2016,173,0,Epidemic,0,0,0,0,0,0,0,0,0,0,1,0,0,1,0,0
336,Whooping Cough,U.S. (Oklahoma),North America,35.0078,-97.0929,2016-07-01 00:00:00,2016,70,0,Cluster,0,0,0,0,0,0,0,0,0,0,1,0,1,0,0,0
337,Whooping Cough,"U.S. (Jefferson County, Wisconsin)",North America,43.089927,-88.710896,2016-09-01 00:00:00,2016,15,0,Cluster,0,0,0,0,0,0,0,0,0,0,1,0,1,0,0,0
338,Whooping Cough,"U.S. (Lynchberg, Virginia)",North America,37.413754,-79.142246,2016-09-01 00:00:00,2016,1,0,Isolated,0,0,0,0,0,0,0,0,0,0,1,0,0,0,1,0
339,Whooping Cough,"U.S. (Morris County, New Jersey)",North America,40.833604,-74.546328,2016-09-01 00:00:00,2016,1,0,Isolated,0,0,0,0,0,0,0,0,0,0,1,0,0,0,1,0
340,Announcement,U.S. (Illinois),North America,40.633125,-89.398528,2016-09-01 00:00:00,2016,0,0,Announcement,0,0,0,0,0,0,0,0,0,0,0,1,0,0,0,0
341,Announcement,U.S. (Oklahoma),North America,35.007752,-97.092877,2016-09-01 00:00:00,2016,0,0,Announcement,0,0,0,0,0,0,0,0,0,0,0,1,0,0,0,0
342,Announcement,U.S.,North America,37.09024,-95.712891,2016-10-01 00:00:00,2016,0,0,Announcement,0,0,0,0,0,0,0,0,0,0,0,1,0,0,0,0
343,Announcement,U.S.,North America,37.09024,-95.712891,2016-10-01 00:00:00,2016,0,0,Announcement,0,0,0,0,0,0,0,0,0,0,0,1,0,0,0,0
344,Announcement,U.S. (New Jersey),North America,40.058324,-74.405661,2016-11-01 00:00:00,2016,0,0,Announcement,0,0,0,0,0,0,0,0,0,0,0,1,0,0,0,0
345,Announcement,U.S.,North America,37.09024,-95.712891,2016-12-01 00:00:00,2016,0,0,Announcement,0,0,0,0,0,0,0,0,0,0,0,1,0,0,0,0
346,Announcement,U.S.,North America,37.09024,-95.712891,2016-12-01 00:00:00,2016,0,0,Announcement,0,0,0,0,0,0,0,0,0,0,0,1,0,0,0,0
347,Announcement,U.S.,North America,37.09024,-95.712891,2016-12-01 00:00:00,2016,0,0,Announcement,0,0,0,0,0,0,0,0,0,0,0,1,0,0,0,0
348,Announcement,U.S.,North America,37.09024,-95.712891,2016-12-01 00:00:00,2016,0,0,Announcement,0,0,0,0,0,0,0,0,0,0,0,1,0,0,0,0
349,Whooping Cough,"U.S (Santa Clara County, California)",North America,37.333658,-121.890704,2016-12-01 00:00:00,2016,44,0,Cluster,0,0,0,0,0,0,0,0,0,0,1,0,1,0,0,0
350,Whooping Cough,"U.S. (Eddy County, New Mexico)",North America,32.417062,-104.472330,2016-12-01 00:00:00,2016,20,0,Cluster,0,0,0,0,0,0,0,0,0,0,1,0,1,0,0,0
351,Measles,"U.S. (Collin County, Texas)",North America,33.179521,-96.492980,2016-01-01 00:00:00,2016,1,0,Secondary,0,0,0,0,1,0,0,0,0,0,0,0,0,0,0,1
352,Measles,"U.S. (Nevada City, California)",North America,39.261561,-121.016059,2016-03-01 00:00:00,2016,1,0,Isolated,0,0,0,0,1,0,0,0,0,0,0,0,0,0,1,0
353,Measles,"U.S. (San Joaquin County, California)",North America,37.917594,-121.171039,2016-04-01 00:00:00,2016,1,0,Isolated,0,0,0,0,1,0,0,0,0,0,0,0,0,0,1,0
354,Measles,"U.S. (Calaveras County, California)",North America,38.196048,-120.680504,2016-04-01 00:00:00,2016,1,0,Isolated,0,0,0,0,1,0,0,0,0,0,0,0,0,0,1,0
355,Measles,U.S. (Massachusetts),North America,42.407211,-71.382437,2016-05-01 00:00:00,2016,1,0,Secondary,0,0,0,0,1,0,0,0,0,0,0,0,0,0,0,1
356,Measles,"U.S. (L.A. County, California)",North America,34.052227,-118.243660,2017-01-01 00:00:00,2017,20,0,Cluster,0,0,0,0,1,0,0,0,0,0,0,0,1,0,0,0
357,Measles,U.S. (Tennessee),North America,35.126855,-89.925323,2016-05-01 00:00:00,2016,7,0,Cluster,0,0,0,0,1,0,0,0,0,0,0,0,1,0,0,0
358,Measles,"U.S. (Collier County, Florida)",North America,26.069985,-81.427898,2016-06-01 00:00:00,2016,1,0,Isolated,0,0,0,0,1,0,0,0,0,0,0,0,0,0,1,0
359,Measles,U.S. (Arizona),North America,34.048928,-111.093731,2016-06-01 00:00:00,2016,20,0,Cluster,0,0,0,0,1,0,0,0,0,0,0,0,1,0,0,0
360,Measles,"U.S. (Miami-Dade County, Florida)",North America,25.551603,-80.632692,2016-06-01 00:00:00,2016,1,0,Isolated,0,0,0,0,1,0,0,0,0,0,0,0,0,0,1,0
361,Measles,U.S. (Colorado),North America,39.550051,-105.782067,2016-07-01 00:00:00,2016,1,0,Isolated,0,0,0,0,1,0,0,0,0,0,0,0,0,0,1,0
362,Measles,U.S. (North Carolina),North America,35.759573,-79.019300,2016-08-01 00:00:00,2016,1,0,Secondary,0,0,0,0,1,0,0,0,0,0,0,0,0,0,0,1
363,Measles,"U.S. (Ann Arbor, Michigan)",North America,42.280826,-83.743038,2016-10-01 00:00:00,2016,1,0,Secondary,0,0,0,0,1,0,0,0,0,0,0,0,0,0,0,1
364,Measles,"U.S. (Los Angeles County, California)",North America,34.052227,-118.243660,2016-12-01 00:00:00,2016,12,0,Cluster,0,0,0,0,1,0,0,0,0,0,0,0,1,0,0,0
365,Announcement,"U.S. (Eagle River, WI)",North America,45.917176,-89.244299,2016-12-01 00:00:00,2016,0,0,Announcement,0,0,0,0,0,0,0,0,0,0,0,1,0,0,0,0
366,Announcement,"U.S. (Los Angeles, California)",North America,34.052234,-118.243685,2016-12-01 00:00:00,2016,0,0,Announcement,0,0,0,0,0,0,0,0,0,0,0,1,0,0,0,0
367,Whooping Cough,"U.S. (Oneida County, Wisconsin)",North America,45.67508,-89.461656,2016-12-01 00:00:00,2016,39,0,Epidemic,0,0,0,0,0,0,0,0,0,0,1,0,0,1,0,0
368,Measles,"U.S. (San Luis Obispo County, California)",North America,35.31023,-120.435763,2017-01-01 00:00:00,2017,2,0,Cluster,0,0,0,0,1,0,0,0,0,0,0,0,1,0,0,0
369,Measles,"U.S. (Santa Barbara, California)",North America,34.420831,-119.698190,2017-01-01 00:00:00,2017,1,0,Isolated,0,0,0,0,1,0,0,0,0,0,0,0,0,0,1,0
370,Announcement,"U.S. (Austin, Texas)",North America,30.267153,-97.743061,2017-01-01 00:00:00,2017,0,0,Announcement,0,0,0,0,0,0,0,0,0,0,0,1,0,0,0,0
371,Whooping Cough,"U.S. (San Juan County, Washington)",North America,48.611804,-122.960262,2017-01-01 00:00:00,2017,6,0,Cluster,0,0,0,0,0,0,0,0,0,0,1,0,1,0,0,0
372,Whooping Cough,"U.S. (Coffey County, Kansas)",North America,38.257064,-95.814288,2017-01-01 00:00:00,2017,1,0,Isolated,0,0,0,0,0,0,0,0,0,0,1,0,0,0,1,0
373,Whooping Cough,"U.S. (Chillicothe, Ohio)",North America,39.33312,-82.982402,2016-12-01 00:00:00,2016,3,0,Cluster,0,0,0,0,0,0,0,0,0,0,1,0,1,0,0,0
374,Announcement,U.S. (Tennessee),North America,35.517491,-86.580447,2017-01-01 00:00:00,2017,0,0,Announcement,0,0,0,0,0,0,0,0,0,0,0,1,0,0,0,0
375,Announcement,"U.S. (Spokane County, Washington)",North America,47.658693,-117.422548,2017-01-01 00:00:00,2017,0,0,Announcement,0,0,0,0,0,0,0,0,0,0,0,1,0,0,0,0
376,Announcement,U.S. (Louisiana),North America,30.984298,-91.962333,2017-01-01 00:00:00,2017,0,0,Announcement,0,0,0,0,0,0,0,0,0,0,0,1,0,0,0,0
377,Whooping Cough,"U.S. (Petersburg, Alaska)",North America,56.8125,-132.955556,2017-01-01 00:00:00,2017,1,0,Isolated,0,0,0,0,0,0,0,0,0,0,1,0,0,0,1,0
378,Announcement,U.S.,North America,38.907192,-77.036871,2017-01-01 00:00:00,2017,0,0,Announcement,0,0,0,0,0,0,0,0,0,0,0,1,0,0,0,0
379,Mumps,U.S. (Nationwide),North America,37.09024,-95.712891,1/2016-12/2016,2016,5311,0,Epidemic,0,0,0,0,0,0,1,0,0,0,0,0,0,1,0,0
380,Measles,"U.S. (Ventura County, California)",North America,34.370488,-119.139064,2017-01-01 00:00:00,2017,5,0,Cluster,0,0,0,0,1,0,0,0,0,0,0,0,1,0,0,0
381,Whooping Cough,"U.S. (Wichita County, Kansas)",North America,33.930965,-98.748117,2017-01-01 00:00:00,2017,10,0,Cluster,0,0,0,0,0,0,0,0,0,0,1,0,1,0,0,0
382,Measles,U.S. (New Jersey),North America,40.74532,-74.053513,2017-01-01 00:00:00,2017,2,0,Cluster,0,0,0,0,1,0,0,0,0,0,0,0,1,0,0,0
383,Measles,"U.S. (Suffolk County, New York)",North America,40.984878,-72.615117,2017-01-01 00:00:00,2017,1,0,Secondary,0,0,0,0,1,0,0,0,0,0,0,0,0,0,0,1
384,Measles,U.S. (Nationwide),North America,37.09024,-95.712891,1/2016-12/2016,2016,70,0,Epidemic,0,0,0,0,1,0,0,0,0,0,0,0,0,1,0,0
385,Chicken Pox,"U.S. (Montgomery County, Virginia)",North America,37.20703,-80.410396,2017-02-01 00:00:00,2017,3,0,Cluster,1,0,0,0,0,0,0,0,0,0,0,0,1,0,0,0
386,Measles,"U.S. (Colfax, Washington)",North America,46.880165,-117.364350,2017-02-01 00:00:00,2017,1,0,Isolated,0,0,0,0,1,0,0,0,0,0,0,0,0,0,1,0
387,Announcement,U.S. (Washington),North America,47.751074,-120.740139,2017-02-01 00:00:00,2017,0,0,Announcement,0,0,0,0,0,0,0,0,0,0,0,1,0,0,0,0
388,Measles,U.S. (Utah),North America,39.32098,-111.093731,2017-02-01 00:00:00,2017,1,0,Isolated,0,0,0,0,1,0,0,0,0,0,0,0,0,0,1,0
389,Whooping Cough,U.S. (Michigan),North America,44.314844,-85.602364,1/2016-12/2016,2016,448,0,Epidemic,0,0,0,0,0,0,0,0,0,0,1,0,0,1,0,0
390,Whooping Cough,"U.S. (Lexington, Kentucky)",North America,38.040584,-84.503716,2017-02-01 00:00:00,2017,5,0,Cluster,0,0,0,0,0,0,0,0,0,0,1,0,1,0,0,0
391,Announcement,U.S.,North America,37.09024,-95.712891,2017-03-01 00:00:00,2017,0,0,Announcement,0,0,0,0,0,0,0,0,0,0,0,1,0,0,0,0
392,Whooping Cough,"U.S. (Janesville, Wisconsin)",North America,42.682789,-89.018722,2017-03-01 00:00:00,2017,10,0,Cluster,0,0,0,0,0,0,0,0,0,0,1,0,1,0,0,0
393,Tetanus,U.S. (Kentucky),North America,37.839333,-84.270018,2016-06-01 00:00:00,2016,1,0,Isolated,0,0,0,0,0,0,0,0,1,0,0,0,0,0,1,0
394,Hepatitis A,U.S. (Michigan),North America,44.314844,-85.602364,2017-03-01 00:00:00,2017,107,0,Epidemic,0,0,0,1,0,0,0,0,0,0,0,0,0,1,0,0
395,Measles,"U.S. (Omaha, Nebraska)",North America,41.252363,-95.997988,2017-03-01 00:00:00,2017,1,0,Secondary,0,0,0,0,1,0,0,0,0,0,0,0,0,0,0,1
396,Measles,U.S. (Michigan),North America,44.314844,-85.602364,2017-04-01 00:00:00,2017,2,0,Cluster,0,0,0,0,1,0,0,0,0,0,0,0,1,0,0,0
397,Measles,"U.S. (Seattle, Washington)",North America,47.606209,-122.332071,2017-03-01 00:00:00,2017,2,0,Cluster,0,0,0,0,1,0,0,0,0,0,0,0,1,0,0,0
398,Measles,"U.S. (Orange County, California)",North America,33.717471,-117.831143,2017-04-01 00:00:00,2017,2,0,Cluster,0,0,0,0,1,0,0,0,0,0,0,0,1,0,0,0
399,Mumps,U.S. (Texas),North America,31.968599,-99.901813,2017-04-01 00:00:00,2017,221,0,Epidemic,0,0,0,0,0,0,1,0,0,0,0,0,0,1,0,0
400,Mumps,U.S. (Arkansas),North America,35.20105,-91.831833,2017-04-01 00:00:00,2017,2931,0,Epidemic,0,0,0,0,0,0,1,0,0,0,0,0,0,1,0,0
401,Mumps,U.S. (Washington),North America,47.751074,-120.740139,2017-04-01 00:00:00,2017,611,0,Epidemic,0,0,0,0,0,0,1,0,0,0,0,0,0,1,0,0
402,Mumps,U.S. (Kansas),North America,39.011902,-98.484246,2017-03-01 00:00:00,2017,79,0,Epidemic,0,0,0,0,0,0,1,0,0,0,0,0,0,1,0,0
403,Mumps,U.S. (Colorado),North America,39.550051,-105.782067,2017-04-01 00:00:00,2017,60,0,Epidemic,0,0,0,0,0,0,1,0,0,0,0,0,0,1,0,0
404,Mumps,"U.S. (Lake County, Illinois)",North America,42.368936,-87.827153,2017-04-01 00:00:00,2017,13,0,Cluster,0,0,0,0,0,0,1,0,0,0,0,0,1,0,0,0
405,Mumps,"U.S. (Algonquin, IL)",North America,42.166952,-88.341324,2017-05-01 00:00:00,2017,6,0,Cluster,0,0,0,0,0,0,1,0,0,0,0,0,1,0,0,0
406,Mumps,"U.S. (State College, Pennsylvania)",North America,40.793395,-77.860001,2017-04-01 00:00:00,2017,86,0,Epidemic,0,0,0,0,0,0,1,0,0,0,0,0,0,1,0,0
407,Mumps,"U.S. (Baton Rouge, Louisiana)",North America,30.458283,-91.140320,2017-03-01 00:00:00,2017,20,0,Cluster,0,0,0,0,0,0,1,0,0,0,0,0,1,0,0,0
408,Mumps,"U.S. (Tuscaloosa, Alabama)",North America,33.209841,-87.569173,2017-03-01 00:00:00,2017,7,0,Cluster,0,0,0,0,0,0,1,0,0,0,0,0,1,0,0,0
409,Mumps,"U.S. (Fayette County, Kentucky)",North America,33.450221,-84.480261,2017-04-01 00:00:00,2017,2,0,Cluster,0,0,0,0,0,0,1,0,0,0,0,0,1,0,0,0
410,Mumps,"U.S. (Orange, California)",North America,33.787794,-117.853112,2017-04-01 00:00:00,2017,17,0,Cluster,0,0,0,0,0,0,1,0,0,0,0,0,1,0,0,0
411,Mumps,"U.S. (Stockton, California)",North America,37.957702,-121.290780,2017-04-01 00:00:00,2017,2,0,Cluster,0,0,0,0,0,0,1,0,0,0,0,0,1,0,0,0
412,Mumps,U.S. (Oklahoma),North America,35.007752,-97.092877,2017-03-01 00:00:00,2017,104,0,Epidemic,0,0,0,0,0,0,1,0,0,0,0,0,0,1,0,0
413,Mumps,"U.S. (Columbia, Missouri)",North America,38.951705,-92.334072,2017-03-01 00:00:00,2017,350,0,Epidemic,0,0,0,0,0,0,1,0,0,0,0,0,0,1,0,0
414,Whooping Cough,"U.S. (Yarmouth, Maine)",North America,43.800621,-70.186723,2017-04-01 00:00:00,2017,5,0,Cluster,0,0,0,0,0,0,0,0,0,0,1,0,1,0,0,0
415,Whooping Cough,"U.S. (Murray, Utah)",North America,40.666892,-111.887991,2017-04-01 00:00:00,2017,32,0,Cluster,0,0,0,0,0,0,0,0,0,0,1,0,1,0,0,0
416,Whooping Cough,"U.S. (Ralston, Nebraska)",North America,41.200257,-96.031987,2017-04-01 00:00:00,2017,4,0,Cluster,0,0,0,0,0,0,0,0,0,0,1,0,1,0,0,0
417,Measles,"U.S. (Staten Island, New York",North America,40.579532,-74.150201,2017-04-01 00:00:00,2017,1,0,Isolated,0,0,0,0,1,0,0,0,0,0,0,0,0,0,1,0
418,Measles,"U.S. (Lincoln County, Nebraska)",North America,40.933804,-100.800005,2017-04-01 00:00:00,2017,2,0,Cluster,0,0,0,0,1,0,0,0,0,0,0,0,1,0,0,0
419,Measles,"U.S. (Livinston County, Michigan)",North America,42.620795,-83.847302,2017-04-01 00:00:00,2017,1,0,Isolated,0,0,0,0,1,0,0,0,0,0,0,0,0,0,1,0
420,Mumps,"U.S. (Minneapolis, Minnesota)",North America,44.977753,-93.265011,2017-04-01 00:00:00,2017,6,0,Cluster,0,0,0,0,0,0,1,0,0,0,0,0,1,0,0,0
421,Mumps,"U.S. (Poplarville, Mississppi)",North America,30.840186,-89.534231,2017-04-01 00:00:00,2017,10,0,Cluster,0,0,0,0,0,0,1,0,0,0,0,0,1,0,0,0
422,Whooping Cough,"U.S. (Labette County, Kansas)",North America,37.263904,-95.310250,2017-04-01 00:00:00,2017,6,0,Cluster,0,0,0,0,0,0,0,0,0,0,1,0,1,0,0,0
423,Whooping Cough,"U.S. (Grant County, Kentucky)",North America,38.656525,-84.647912,2017-04-01 00:00:00,2017,25,0,Cluster,0,0,0,0,0,0,0,0,0,0,1,0,1,0,0,0
424,Whooping Cough,"U.S. (Oneida County, Wisconsin)",North America,45.67508,-89.461656,2017-05-01 00:00:00,2017,4,0,Cluster,0,0,0,0,0,0,0,0,0,0,1,0,1,0,0,0
425,Whooping Cough,"U.S. (Chambers County, Alabama)",North America,32.902805,-85.354965,2017-05-01 00:00:00,2017,6,0,Cluster,0,0,0,0,0,0,0,0,0,0,1,0,1,0,0,0
426,Mumps,"U.S. (Cape Girardeau, Missouri)",North America,37.305884,-89.518148,2017-04-01 00:00:00,2017,58,0,Cluster,0,0,0,0,0,0,1,0,0,0,0,0,1,0,0,0
427,Mumps,U.S. (Hawaii),North America,21.438912,-158.000057,2017-03-01 00:00:00,2017,104,0,Cluster,0,0,0,0,0,0,1,0,0,0,0,0,1,0,0,0
428,Mumps,"U.S. (Capital Region, New York)",North America,42.718921,-73.811695,2017-04-01 00:00:00,2017,45,0,Cluster,0,0,0,0,0,0,1,0,0,0,0,0,1,0,0,0
429,Mumps,"U.S. (Watauga County, North Carolina)",North America,36.194182,-81.734942,2017-04-01 00:00:00,2017,2,0,Cluster,0,0,0,0,0,0,1,0,0,0,0,0,1,0,0,0
430,Mumps,"U.S. (Anchorage, Alaska)",North America,61.218056,-149.900278,2017-05-01 00:00:00,2017,1,0,Isolated,0,0,0,0,0,0,1,0,0,0,0,0,0,0,1,0
431,Whooping Cough,U.S. (New York) ,North America,42.577854,-73.818380,2017-05-01 00:00:00,2017,119,0,Cluster,0,0,0,0,0,0,0,0,0,0,1,0,1,0,0,0
432,Measles,U.S. (Minnesota),North America,44.976658,-93.266459,2017-04-01 00:00:00,2017,75,0,Cluster,0,0,0,0,1,0,0,0,0,0,0,0,1,0,0,0
433,Announcement,U.S. (Minnesota),North America,44.976658,-93.266459,2017-06-01 00:00:00,2017,0,0,Announcement,0,0,0,0,0,0,0,0,0,0,0,1,0,0,0,0
434,Announcement,U.S. (Minnesota),North America,44.976658,-93.266459,2017-06-01 00:00:00,2017,0,0,Announcement,0,0,0,0,0,0,0,0,0,0,0,1,0,0,0,0
435,Mumps,"U.S. (Los Angeles, California)",North America,34.090009,-118.361744,2017-01-01 00:00:00,2017,42,0,Cluster,0,0,0,0,0,0,1,0,0,0,0,0,1,0,0,0
436,Mumps,"U.S. (Boston, Massachusetts)",North America,42.359871,-71.058862,2017-03-01 00:00:00,2017,12,0,Cluster,0,0,0,0,0,0,1,0,0,0,0,0,1,0,0,0
437,Mumps,"U.S. (Duval/St. Johns, Florida)",North America,29.971942,-81.427898,2017-06-01 00:00:00,2017,3,0,Cluster,0,0,0,0,0,0,1,0,0,0,0,0,1,0,0,0
438,Mumps,"U.S. (Union County, Oregon)",North America,45.233412,-118.041063,2017-06-01 00:00:00,2017,4,0,Cluster,0,0,0,0,0,0,1,0,0,0,0,0,1,0,0,0
439,Mumps,"U.S. (Jackson County, Oregon)",North America,42.334535,-122.764658,2017-06-01 00:00:00,2017,1,0,Isolated,0,0,0,0,0,0,1,0,0,0,0,0,0,0,1,0
440,Mumps,"U.S. (Onandaga County, New York)",North America,43.026819,-76.178374,2017-05-01 00:00:00,2017,5,0,Cluster,0,0,0,0,0,0,1,0,0,0,0,0,1,0,0,0
441,Measles,U.S. (Maine),North America,44.670362,-70.153520,2017-06-01 00:00:00,2017,1,0,Isolated,0,0,0,0,1,0,0,0,0,0,0,0,0,0,1,0
442,Mumps,"U.S. (Boston, Massachusetts)",North America,42.377003,-71.116660,2017-06-01 00:00:00,2017,2,0,Cluster,0,0,0,0,0,0,1,0,0,0,0,0,1,0,0,0
443,Mumps,"U.S. (McLean County, Illinois)",North America,40.314483,-89.169809,2017-06-01 00:00:00,2017,5,0,Cluster,0,0,0,0,0,0,1,0,0,0,0,0,1,0,0,0
444,Announcement,"U.S. (Boston, Massachusetts)",North America,42.363176,-71.068830,2017-06-01 00:00:00,2017,0,0,Announcement,0,0,0,0,0,0,0,0,0,0,0,1,0,0,0,0
445,Whooping Cough,"U.S. (Seymour, Kentucky)",North America,37.165887,-85.803305,2017-05-01 00:00:00,2017,6,0,Whooping Cough,0,0,0,0,0,0,0,0,0,0,1,0,0,0,0,0
446,Whooping Cough,"U.S. (Henrico, Virginia)",North America,37.505933,-77.332443,2017-06-01 00:00:00,2017,2,0,Whooping Cough,0,0,0,0,0,0,0,0,0,0,1,0,0,0,0,0
447,Whooping Cough,"U.S. (Skagit County, Washington)",North America,48.424196,-121.711436,2017-06-01 00:00:00,2017,9,0,Whooping Cough,0,0,0,0,0,0,0,0,0,0,1,0,0,0,0,0
448,Measles,"U.S. (Queensbury, New York)",North America,43.295764,-73.690162,2017-06-01 00:00:00,2017,1,0,Isolated,0,0,0,0,1,0,0,0,0,0,0,0,0,0,1,0
